id,Age,pregnancies,bmi,insulin,glucose,bloodpressure,diabetespedigreefunction,skinthickness,outcome
721,34,4,29.3,53,192,76,0.317,19,0
187,60,8,30.1,495,181,68,0.615,36,1
159,22,2,29.0,60,11,90,0.229,19,0
114,25,4,34.0,0,76,62,0.391,0,0
248,23,0,52.3,79,169,47,0.427,33,0
230,24,0,45.2,53,117,80,0.089,31,0
654,27,2,26.8,0,120,54,0.455,0,0
7,26,3,31.0,88,78,50,0.248,32,1
21,27,3,39.3,235,126,88,0.704,41,0
287,34,5,38.7,4,157,4,0.619,44,0
199,26,4,34.8,48,23,76,0.905,44,1
289,26,4,20.8,34,154,27,0.34,17,0
42,37,7,40.2,0,133,84,0.696,0,0
681,22,2,24.2,45,56,56,0.332,28,0
767,47,1,30.1,65,100,58,0.349,0,1
363,65,5,39.2,87,15,77,0.305,37,0
347,22,1,28.7,83,139,46,0.654,19,0
161,36,4,29.7,0,151,90,0.294,38,0
175,33,2,29.7,55,75,64,0.37,24,0
127,30,3,42.9,135,120,70,0.452,30,0
22,50,8,35.4,0,99,84,0.388,0,0
75,22,1,32.0,0,79,75,0.396,30,0
409,39,8,25.9,47,141,115,1.191,0,1
530,31,0,24.6,60,22,104,0.66,0,0
569,37,4,31.3,126,154,72,0.338,29,0
703,52,1,35.0,67,45,96,0.905,29,1
692,44,13,42.3,0,158,114,0.257,0,1
353,46,3,34.4,0,61,82,0.243,28,0
141,55,3,21.1,0,128,78,0.268,0,0
162,45,7,37.2,105,102,74,0.204,40,0
632,24,0,34.5,90,102,78,0.238,40,0
469,38,8,30.0,6,196,120,0.183,0,1
473,22,0,38.8,0,119,66,0.259,27,0
584,42,8,38.7,0,100,76,0.19,0,0
317,30,3,19.3,64,99,80,0.284,11,0
407,46,4,28.9,71,160,105,0.376,0,1
598,21,1,27.8,25,89,24,0.559,19,0
750,50,6,24.3,5,104,13,0.178,0,1
256,21,1,33.6,73,31,102,0.543,35,1
556,37,7,25.5,215,124,70,0.161,33,0
586,22,1,22.5,22,20,55,0.417,11,0
182,23,0,34.9,20,116,106,0.725,18,0
461,48,9,20.8,56,120,72,0.733,22,0
282,39,10,35.9,122,129,76,0.28,28,0
542,27,3,32.4,190,128,72,0.549,25,1
520,60,6,19.6,326,129,90,0.582,7,0
269,21,0,25.1,69,50,7,0.078,0,0
309,25,0,30.5,180,128,68,1.391,19,1
165,32,0,31.6,0,131,88,0.743,0,1
611,24,3,30.9,63,14,49,0.292,21,0
9,53,2,30.5,95,77,14,0.158,45,1
626,29,4,37.7,81,0,83,0.362,47,0
522,26,3,33.2,21,98,57,0.305,33,0
274,21,1,33.2,76,147,94,0.422,50,0
160,47,17,40.9,114,163,72,0.817,41,1
641,27,0,29.3,7,63,18,0.695,17,0
463,39,8,35.3,49,74,70,0.705,40,0
626,29,4,37.7,54,90,88,0.362,47,0
640,28,1,19.5,46,100,74,0.149,12,0
715,32,3,29.5,0,102,74,0.121,0,0
530,31,0,24.6,0,111,65,0.66,0,0
347,22,1,28.7,40,47,40,0.654,19,0
478,31,7,23.8,110,114,76,0.466,17,0
748,32,1,46.3,54,87,73,1.096,41,0
413,22,1,42.4,310,143,84,1.076,23,0
514,22,2,27.3,0,91,62,0.525,0,0
571,39,3,32.5,83,34,102,0.27,0,0
116,61,4,31.2,15,118,40,0.539,0,1
277,29,7,26.5,0,106,60,0.296,24,1
382,22,0,20.0,0,105,68,0.236,22,0
294,24,1,40.5,194,128,48,0.613,45,1
61,21,2,0.0,0,84,0,0.304,0,0
761,22,2,28.4,16,88,58,0.766,26,0
718,56,10,23.1,0,94,72,0.595,18,0
56,21,1,23.0,26,145,77,0.248,10,0
39,27,2,38.2,0,90,68,0.503,42,1
417,22,1,27.2,15,164,51,1.095,21,0
731,34,3,28.4,88,167,64,0.323,23,1
487,21,1,40.7,480,139,62,0.536,41,0
8,29,10,35.3,14,101,39,0.134,0,0
760,66,6,35.5,30,154,46,0.278,0,1
559,42,11,46.2,0,103,68,0.126,40,0
557,30,1,38.1,0,97,70,0.218,40,0
717,31,3,33.8,52,18,105,0.97,39,1
670,45,9,30.9,8,142,118,0.164,30,0
429,26,0,40.6,145,135,94,0.284,46,0
215,36,9,34.2,98,104,27,0.26,32,1
668,40,10,27.5,66,50,107,0.141,27,1
740,42,1,39.5,0,102,74,0.293,0,1
450,26,0,30.5,18,153,64,0.285,18,0
144,42,10,32.4,0,108,66,0.272,0,1
362,63,5,29.8,5,139,106,0.207,0,0
664,40,9,37.9,54,130,50,0.637,46,1
13,57,10,27.1,0,139,80,1.441,0,0
131,33,4,29.7,168,173,70,0.361,14,1
702,49,6,27.6,30,101,10,0.565,31,1
675,68,8,35.6,0,91,82,0.587,0,0
337,44,0,33.8,55,156,78,0.932,0,0
222,66,2,31.6,80,20,107,0.805,0,1
206,27,5,23.9,20,200,7,0.407,28,0
338,44,5,31.2,0,115,76,0.343,0,1
346,49,8,38.5,52,167,24,0.349,36,0
275,52,13,34.2,99,160,86,0.251,0,0
278,23,0,27.8,20,45,113,0.454,23,0
121,25,0,53.2,100,162,76,0.759,56,1
726,38,4,39.4,66,121,102,0.236,40,0
713,38,10,41.2,0,129,62,0.441,36,1
183,21,1,27.7,90,6,5,0.299,20,0
643,50,6,29.5,6,12,46,0.178,0,1
476,59,0,27.3,0,137,84,0.231,27,0
71,28,2,32.9,90,100,66,0.867,20,1
101,33,1,39.0,96,76,90,1.222,0,1
322,25,3,31.6,97,54,81,0.197,30,1
203,32,0,27.3,0,108,68,0.787,20,0
242,22,4,33.1,88,91,70,0.446,32,0
690,46,1,46.1,15,124,88,0.335,46,1
758,52,0,36.3,70,161,7,0.258,0,1
36,33,4,24.0,192,103,60,0.966,33,0
479,39,8,25.9,75,126,74,0.162,38,0
547,53,5,43.6,207,187,76,1.034,27,1
394,37,4,22.1,87,116,72,0.463,12,0
470,27,6,46.1,76,115,72,0.571,41,0
57,41,7,37.7,304,187,68,0.254,39,1
718,56,10,23.1,62,25,73,0.595,18,0
759,26,1,37.5,95,145,7,0.197,0,0
320,59,6,23.5,0,194,78,0.129,0,1
405,41,5,32.9,92,25,55,0.135,0,1
544,25,4,39.5,56,84,90,0.159,23,0
56,21,1,23.0,0,73,50,0.248,10,0
10,54,8,0.0,0,125,96,0.232,0,1
531,22,2,29.8,106,122,60,0.717,18,0
256,21,1,33.6,0,113,64,0.543,35,1
158,23,1,25.2,38,148,19,0.833,21,0
646,30,2,39.4,63,66,67,0.134,35,0
573,22,3,29.5,44,111,58,0.43,31,0
121,25,0,53.2,14,39,41,0.759,56,1
712,40,5,29.6,45,50,101,0.439,27,0
576,25,1,35.5,63,119,44,0.28,47,0
218,32,6,30.0,1,101,15,0.464,30,0
649,42,11,28.3,130,136,84,0.26,35,1
445,30,4,29.7,0,117,62,0.38,12,1
674,22,3,57.3,15,174,50,0.88,35,0
116,61,4,31.2,0,146,92,0.539,0,1
26,41,10,31.1,115,125,70,0.205,26,1
353,46,3,34.4,10,101,10,0.243,28,0
508,21,1,28.6,40,109,6,0.692,23,0
229,31,4,36.7,744,197,70,2.329,39,0
768,23,1,30.4,0,93,70,0.315,31,0
746,46,12,30.0,54,97,60,0.488,33,0
730,22,2,30.1,0,92,52,0.141,0,0
36,33,4,24.0,85,192,51,0.966,33,0
213,60,7,34.2,71,105,39,0.164,31,0
51,22,1,19.4,82,103,80,0.491,11,0
755,45,8,32.4,95,183,60,0.443,32,1
223,37,7,25.2,51,24,66,0.209,0,0
752,28,1,39.0,82,56,52,0.261,39,0
418,37,4,38.5,97,109,83,0.554,32,1
694,43,7,38.5,55,105,17,0.439,49,1
489,28,4,25.6,40,183,98,0.294,17,0
507,35,0,36.5,79,134,43,0.314,26,1
214,24,0,42.6,36,143,100,0.431,26,1
120,21,4,23.2,96,179,17,0.223,15,0
357,28,1,33.3,65,89,61,0.962,40,1
698,22,0,25.0,71,130,57,0.253,0,0
525,24,3,31.6,99,52,94,0.151,0,0
557,30,1,38.1,85,29,31,0.218,40,0
611,24,3,30.9,158,106,54,0.292,21,0
610,23,1,24.0,182,111,62,0.138,13,0
717,31,3,33.8,185,173,78,0.97,39,1
673,47,10,35.5,82,53,94,0.285,23,0
624,21,0,43.5,40,181,98,0.347,27,0
707,30,10,0.0,0,115,0,0.261,0,1
212,24,0,42.8,0,147,85,0.375,54,0
75,22,1,32.0,80,176,74,0.396,30,0
294,24,1,40.5,62,5,86,0.613,45,1
89,43,15,37.1,110,136,70,0.153,32,1
688,29,1,28.3,32,167,27,0.181,19,0
480,63,4,28.0,1,199,15,0.419,31,0
559,42,11,46.2,27,118,12,0.126,40,0
392,27,5,45.7,0,166,76,0.34,0,1
393,21,1,23.7,49,103,40,0.389,14,0
135,26,2,21.1,26,178,90,0.647,13,0
17,31,0,45.8,77,145,14,0.551,47,1
656,25,2,38.7,540,155,52,0.24,27,1
25,51,11,36.6,146,143,94,0.254,33,1
551,21,1,27.4,0,116,70,0.204,28,0
259,24,1,25.9,73,85,1,0.655,16,0
431,23,2,22.2,61,185,6,0.108,0,0
366,30,5,34.0,83,99,54,0.499,28,0
753,25,3,26.0,17,169,99,0.223,24,0
663,43,8,37.6,11,8,97,0.165,46,1
585,52,8,28.7,600,124,76,0.687,24,1
85,37,5,48.8,0,137,108,0.227,0,1
422,21,2,26.0,96,0,104,0.561,18,0
553,66,6,27.8,0,114,88,0.247,0,0
427,25,0,0.0,0,94,0,0.256,0,0
219,32,5,29.0,25,190,55,1.224,22,1
185,40,4,27.6,0,141,74,0.244,0,0
447,28,1,25.3,70,100,72,0.658,12,0
58,31,0,46.8,110,100,88,0.962,60,0
214,24,0,42.6,130,140,65,0.431,26,1
370,45,1,32.8,140,133,102,0.234,28,1
698,22,0,25.0,0,99,0,0.253,0,0
506,38,10,33.3,0,75,82,0.263,0,0
31,60,5,36.0,0,109,75,0.546,26,0
667,70,4,32.5,64,146,36,0.235,18,1
186,41,7,35.9,78,176,77,0.745,28,1
426,31,4,37.0,277,184,78,0.264,39,1
37,35,11,33.2,0,138,76,0.42,0,0
38,46,9,32.9,0,102,76,0.665,37,1
104,24,1,26.6,40,81,72,0.283,18,0
92,34,4,32.0,176,123,80,0.443,15,0
451,23,1,21.2,95,82,64,0.415,13,0
37,35,11,33.2,79,91,12,0.42,0,0
738,42,8,32.0,65,17,110,0.6,23,0
307,47,10,25.5,62,26,80,0.326,23,1
299,46,14,36.6,17,186,31,0.412,25,1
560,35,11,30.1,25,122,41,0.3,0,0
299,46,14,36.6,184,100,78,0.412,25,1
455,24,2,37.8,44,139,29,0.498,28,0
649,42,11,28.3,80,131,93,0.26,35,1
739,21,2,36.6,4,32,62,0.453,17,0
300,58,8,23.6,0,112,72,0.84,0,0
228,24,3,37.2,0,162,52,0.652,38,1
583,62,12,26.5,72,106,70,0.259,17,0
302,25,2,31.6,135,144,58,0.422,33,1
666,24,1,34.8,132,112,80,0.217,45,0
680,23,2,24.2,265,101,58,0.614,17,0
226,22,1,34.6,32,87,78,0.101,27,0
327,30,1,35.1,156,122,64,0.692,32,1
439,21,1,18.2,0,97,70,0.147,15,0
590,25,0,21.1,3,58,94,0.342,0,0
336,26,0,47.9,83,77,99,0.259,43,0
387,35,5,32.3,0,116,74,0.66,29,1
126,26,1,55.0,72,149,55,0.496,42,1
385,25,1,24.3,110,125,70,0.221,24,0
521,25,2,25.0,66,68,70,0.187,32,0
495,22,3,0.0,81,125,44,0.174,0,0
685,69,5,0.0,0,136,82,0.64,0,0
599,38,1,36.8,0,173,74,0.088,0,1
262,27,3,30.0,83,23,89,0.761,0,1
363,65,5,39.2,0,103,108,0.305,37,0
60,22,0,41.5,98,191,76,0.173,41,0
467,22,0,27.8,36,74,52,0.269,10,0
496,66,6,26.6,0,166,74,0.304,0,0
193,36,7,30.4,24,16,31,0.383,0,1
154,23,1,40.6,13,152,81,0.687,42,0
568,46,6,32.0,28,11,17,0.085,32,0
114,25,4,34.0,42,150,113,0.391,0,0
708,22,2,34.4,33,79,22,0.176,21,0
740,42,1,39.5,95,29,29,0.293,0,1
488,58,0,46.5,265,173,78,1.159,32,0
635,31,10,25.9,16,57,114,0.167,0,0
306,29,2,39.7,105,120,76,0.215,37,0
566,22,2,26.1,56,29,98,0.748,14,0
463,39,8,35.3,98,114,59,0.705,40,0
539,23,0,36.3,210,127,80,0.804,37,0
465,34,10,24.0,32,117,89,1.022,0,0
344,33,5,34.7,0,122,86,0.29,0,0
508,21,1,28.6,170,130,60,0.692,23,0
164,21,2,29.7,2,161,9,0.368,23,0
27,43,7,39.4,55,92,50,0.257,0,1
369,22,3,27.5,66,81,86,0.306,16,0
518,51,7,37.6,94,178,6,0.304,0,0
392,27,5,45.7,54,25,75,0.34,0,1
414,21,1,26.2,6,24,12,0.256,22,0
133,30,3,34.5,225,170,64,0.356,37,1
289,26,4,20.8,49,96,56,0.34,17,0
763,33,9,22.5,74,1,98,0.142,0,0
661,54,10,27.7,51,147,25,0.182,0,0
373,21,0,35.8,66,84,64,0.545,22,0
612,36,3,32.9,194,174,58,0.593,22,1
593,44,3,34.4,77,118,95,0.402,0,1
5,33,0,43.1,168,137,40,2.288,35,1
595,34,6,33.6,230,123,72,0.733,45,0
108,37,4,29.5,140,144,58,0.287,28,0
76,22,1,24.7,0,0,48,0.14,20,0
677,53,9,24.8,63,15,20,0.23,0,1
476,59,0,27.3,85,13,62,0.231,27,0
351,29,4,42.2,92,80,69,0.237,0,0
715,32,3,29.5,39,192,22,0.121,0,0
712,40,5,29.6,22,126,78,0.439,27,0
208,52,5,37.7,70,136,117,0.151,0,1
41,26,3,34.0,70,180,64,0.271,25,0
404,38,9,31.6,20,114,52,0.28,25,0
286,51,7,26.0,45,153,43,0.647,26,0
137,21,0,30.8,50,100,70,0.597,26,0
113,23,1,31.2,59,169,86,0.192,34,0
710,23,2,38.0,160,93,64,0.674,32,1
115,39,7,30.5,39,123,41,0.588,32,1
100,31,1,49.7,7,111,49,0.325,51,1
387,35,5,32.3,20,86,89,0.66,29,1
408,25,0,21.9,32,87,100,0.336,0,0
399,25,3,21.1,0,82,70,0.389,0,0
613,40,7,38.2,321,168,88,0.787,42,1
379,32,4,48.3,14,180,22,0.238,0,1
183,21,1,27.7,23,0,74,0.299,20,0
765,27,2,36.8,6,23,96,0.34,27,0
316,26,2,34.1,94,112,68,0.315,22,0
25,51,11,36.6,30,88,108,0.254,33,1
54,58,8,33.7,300,176,90,0.467,34,1
618,23,2,20.1,78,153,110,0.257,13,0
444,33,8,30.5,62,56,31,0.955,0,1
372,21,0,0.0,70,63,3,1.731,23,0
123,23,2,33.6,100,107,74,0.404,30,0
635,31,10,25.9,0,92,62,0.167,0,0
566,22,2,26.1,88,95,54,0.748,14,0
417,22,1,27.2,0,97,68,1.095,21,0
166,41,6,29.9,86,196,16,0.722,18,1
675,68,8,35.6,93,125,50,0.587,0,0
427,25,0,0.0,68,92,56,0.256,0,0
683,22,0,44.6,33,30,121,0.366,39,0
510,64,8,25.0,25,118,79,0.409,0,0
95,21,2,24.7,82,199,118,0.761,18,0
217,25,5,35.8,73,125,115,0.514,41,1
570,33,0,34.3,30,121,25,0.203,30,1
270,28,2,27.5,90,110,119,0.24,0,1
48,22,2,28.0,0,71,70,0.586,27,0
485,31,0,44.2,27,177,50,0.63,0,1
163,27,0,44.2,87,20,22,0.167,34,0
173,25,2,28.9,97,88,4,0.773,23,0
738,42,8,32.0,0,65,72,0.6,23,0
762,43,9,44.0,59,100,17,0.403,31,1
586,22,1,22.5,0,93,56,0.417,11,0
382,22,0,20.0,13,134,45,0.236,22,0
182,23,0,34.9,92,119,64,0.725,18,0
621,28,2,38.4,160,112,86,0.246,42,0
705,27,4,28.4,53,29,40,0.118,20,0
147,41,9,32.8,43,93,116,0.096,37,0
32,28,3,31.6,245,158,76,0.851,36,1
352,30,4,31.2,19,88,69,0.252,0,0
20,32,1,34.6,40,60,49,0.529,30,1
763,33,9,22.5,0,89,62,0.142,0,0
420,28,3,26.4,115,129,64,0.219,29,1
211,25,2,27.7,0,81,60,0.29,22,0
119,22,4,28.2,0,97,60,0.443,23,0
252,27,2,28.0,17,78,77,0.284,0,0
490,67,8,26.1,45,115,7,0.551,0,0
504,41,7,33.3,79,94,64,0.738,25,0
620,24,0,32.4,23,98,113,0.141,0,1
29,57,13,22.2,110,145,82,0.245,19,0
680,23,2,24.2,18,141,119,0.614,17,0
263,24,4,32.1,76,74,82,0.612,32,0
188,33,1,32.0,95,126,96,1.321,41,1
124,69,5,26.8,0,132,80,0.186,0,0
66,32,5,29.0,4,79,121,0.203,27,0
186,41,7,35.9,0,194,68,0.745,28,1
674,22,3,57.3,240,123,100,0.88,35,0
481,35,3,35.5,328,158,70,0.344,30,1
515,24,3,25.6,86,99,54,0.154,19,0
628,21,0,32.4,0,132,78,0.393,0,0
420,28,3,26.4,28,71,2,0.219,29,1
691,34,8,24.6,0,107,80,0.856,0,0
527,21,1,18.2,82,97,64,0.299,19,0
209,21,1,33.2,18,117,13,0.289,27,0
237,51,7,35.9,66,191,56,0.586,21,1
76,22,1,24.7,55,86,96,0.14,20,0
250,23,1,30.1,67,105,18,0.143,19,0
30,38,5,34.1,0,117,92,0.337,0,0
456,38,14,33.6,96,2,60,0.212,30,1
377,22,0,25.2,18,195,90,0.299,15,0
239,32,9,30.8,0,164,84,0.831,21,1
719,24,1,35.5,29,195,117,0.415,46,0
761,22,2,28.4,90,22,56,0.766,26,0
436,29,0,42.4,0,141,0,0.205,0,1
273,40,3,23.0,0,122,78,0.254,0,0
225,26,1,23.6,31,191,56,0.666,15,0
636,38,13,31.2,2,144,74,0.465,0,1
194,40,11,52.3,38,142,42,0.578,0,1
192,40,9,33.1,94,11,79,0.374,44,0
84,22,0,24.6,0,101,65,0.237,28,0
190,25,5,31.6,27,13,53,0.361,35,1
500,39,6,29.3,91,155,61,0.839,32,0
672,21,1,25.4,0,99,58,0.551,10,0
563,24,1,37.6,77,87,68,0.401,34,0
458,24,5,30.2,55,28,115,0.364,28,0
287,34,5,38.7,545,155,84,0.619,44,0
110,24,0,37.4,63,168,33,0.247,25,1
35,45,10,27.6,0,122,78,0.512,31,0
138,22,0,28.7,49,113,100,0.532,25,0
150,22,2,27.3,0,90,70,0.085,17,0
480,63,4,28.0,0,132,86,0.419,31,0
86,27,2,32.4,125,110,74,0.698,29,0
532,24,0,45.3,71,105,8,0.686,0,0
334,44,12,23.6,0,106,80,0.137,0,0
285,52,2,27.0,0,108,80,0.259,0,1
449,22,0,33.6,99,3,35,0.51,37,1
302,25,2,31.6,34,64,46,0.422,33,1
603,30,1,27.8,65,110,26,0.1,36,0
525,24,3,31.6,0,125,58,0.151,0,0
70,27,4,28.9,100,146,85,0.189,27,0
349,26,3,21.8,74,99,62,0.279,19,0
702,49,6,27.6,0,125,78,0.565,31,1
200,29,4,30.9,318,148,60,0.15,27,1
156,36,7,50.0,0,152,88,0.337,44,1
403,35,5,35.0,88,136,84,0.286,41,1
505,40,3,37.3,0,96,78,0.238,39,0
506,38,10,33.3,96,155,5,0.263,0,0
549,50,1,32.8,67,164,82,0.341,43,0
267,25,0,36.3,0,138,0,0.933,0,1
499,55,7,25.1,145,195,70,0.163,33,1
562,28,0,41.3,274,198,66,0.502,32,1
430,43,1,35.0,180,95,82,0.233,25,1
444,33,8,30.5,0,108,70,0.955,0,1
319,28,3,38.1,140,115,66,0.15,39,0
711,24,3,31.2,0,136,15,0.295,13,0
247,41,10,31.2,80,60,22,0.258,0,0
70,27,4,28.9,93,139,72,0.189,27,0
248,23,0,52.3,680,165,90,0.427,33,0
146,21,0,0.0,0,102,75,0.572,23,0
64,24,2,25.4,91,120,84,0.699,34,0
475,24,4,28.9,0,114,64,0.126,0,0
723,42,1,29.3,86,63,11,0.349,29,1
284,47,7,30.4,0,161,86,0.165,0,1
202,28,1,40.1,0,138,82,0.236,0,0
550,37,4,28.5,66,169,78,0.68,31,0
526,21,3,21.8,70,35,104,0.444,18,0
564,32,6,26.9,80,85,109,0.497,19,0
754,26,0,43.3,33,28,17,0.222,44,1
87,45,13,36.6,71,148,82,0.178,54,0
310,30,2,32.9,205,124,68,0.875,28,1
671,49,6,33.6,168,165,68,0.631,26,0
165,32,0,31.6,30,37,27,0.743,0,1
750,50,6,24.3,0,162,62,0.178,0,1
540,32,3,36.4,155,129,92,0.968,49,1
546,37,8,34.5,225,186,90,0.423,35,1
383,21,1,25.4,182,109,60,0.947,8,0
458,24,5,30.2,71,86,68,0.364,28,0
716,34,7,33.9,392,187,50,0.826,33,1
324,43,13,26.8,93,44,46,0.731,33,1
584,42,8,38.7,6,33,88,0.19,0,0
416,22,3,35.7,474,173,84,0.258,33,1
381,24,1,30.8,82,107,72,0.821,30,0
321,31,4,27.5,92,194,103,0.527,12,0
80,24,2,25.0,0,112,66,0.307,22,0
194,40,11,52.3,0,135,0,0.578,0,1
62,39,8,32.9,0,133,72,0.27,0,1
730,22,2,30.1,42,53,75,0.141,0,0
317,30,3,19.3,64,154,71,0.284,11,0
68,54,2,42.7,43,185,115,0.845,0,0
364,67,4,38.5,79,185,100,0.52,0,1
627,21,0,24.7,45,174,116,0.206,0,0
645,27,3,27.6,25,136,103,0.73,30,0
128,23,1,33.3,27,181,107,0.261,36,0
170,29,3,28.4,78,111,90,0.495,12,0
396,25,2,27.7,9,165,43,1.6,24,0
734,22,2,29.0,165,106,56,0.426,27,0
355,21,3,42.7,0,90,78,0.559,0,0
543,56,10,34.9,0,90,85,0.825,32,1
51,22,1,19.4,6,57,65,0.491,11,0
279,57,5,24.9,0,114,74,0.744,0,0
575,23,1,30.1,92,67,52,0.892,30,0
249,34,9,35.4,402,124,70,0.282,33,0
326,24,1,25.6,168,157,72,0.123,21,0
292,25,0,36.6,74,107,62,0.757,30,1
217,25,5,35.8,129,109,62,0.514,41,1
733,24,2,44.5,76,148,57,0.646,37,1
79,26,0,43.2,96,35,58,0.27,0,1
8,29,10,35.3,0,115,0,0.134,0,0
14,59,1,30.1,22,36,42,0.398,23,1
212,24,0,42.8,48,197,53,0.375,54,0
167,22,3,32.5,0,148,66,0.256,25,0
82,22,2,0.0,0,74,0,0.102,0,0
31,60,5,36.0,15,143,4,0.546,26,0
40,56,4,37.1,207,111,72,1.39,47,1
390,28,3,31.6,100,118,28,0.949,23,0
701,26,2,35.9,7,167,24,0.483,27,0
291,21,0,36.9,40,78,88,0.434,29,0
151,24,1,37.4,204,136,74,0.399,50,0
243,22,3,25.6,0,139,54,0.402,0,1
671,49,6,33.6,83,60,115,0.631,26,0
543,56,10,34.9,42,109,78,0.825,32,1
356,49,9,30.4,51,97,28,0.302,0,1
539,23,0,36.3,21,161,114,0.804,37,0
249,34,9,35.4,51,64,120,0.282,33,0
550,37,4,28.5,0,189,110,0.68,31,0
677,53,9,24.8,0,156,86,0.23,0,1
632,24,0,34.5,57,179,110,0.238,40,0
325,21,2,35.7,10,107,49,0.148,32,0
170,29,3,28.4,36,91,25,0.495,12,0
361,29,5,31.2,80,92,99,0.583,33,1
455,24,2,37.8,105,100,54,0.498,28,0
91,21,1,19.1,0,80,55,0.258,0,0
460,81,9,25.9,60,134,74,0.46,33,0
30,38,5,34.1,84,189,24,0.337,0,0
314,25,3,29.5,85,113,50,0.626,10,0
40,56,4,37.1,32,91,4,1.39,47,1
596,22,0,32.0,185,188,82,0.682,14,1
579,36,10,27.0,35,54,42,0.245,0,0
227,26,0,35.7,0,101,76,0.198,0,0
572,21,2,22.6,16,72,10,0.268,0,0
641,27,0,29.3,105,102,86,0.695,17,0
254,25,0,35.8,0,86,68,0.238,32,0
687,22,3,23.1,45,188,28,0.314,0,0
48,22,2,28.0,68,125,100,0.586,27,0
699,28,4,34.5,155,127,88,0.598,11,0
77,41,7,32.6,0,62,78,0.391,0,0
321,31,4,27.5,231,129,60,0.527,12,0
93,42,7,46.7,48,81,78,0.261,40,0
516,28,3,31.6,49,99,107,0.268,18,1
109,25,3,34.3,70,43,68,0.336,31,0
319,28,3,38.1,42,160,6,0.15,39,0
473,22,0,38.8,50,136,47,0.259,27,0
140,28,5,36.9,29,15,54,0.159,29,0
419,27,1,18.2,29,106,42,0.624,0,0
423,21,0,40.6,78,102,64,0.496,46,0
364,67,4,38.5,0,146,78,0.52,0,1
483,28,4,27.8,49,85,58,0.306,22,0
310,30,2,32.9,20,58,39,0.875,28,1
606,21,1,35.8,0,124,60,0.514,32,0
735,53,2,23.3,0,105,75,0.56,0,0
650,23,0,26.4,83,177,75,0.133,25,0
341,22,1,25.9,105,130,70,0.472,13,0
462,26,1,21.8,0,171,102,0.416,0,0
756,37,1,36.5,43,23,102,1.057,39,1
634,22,1,27.5,183,128,82,0.115,17,0
3,32,8,23.3,0,183,64,0.672,0,1
278,23,0,27.8,116,104,64,0.454,23,0
493,33,4,32.8,0,99,68,0.145,38,0
252,27,2,28.0,0,129,84,0.284,0,0
276,25,2,40.5,57,100,70,0.677,52,0
361,29,5,31.2,325,189,64,0.583,33,1
669,43,6,34.0,190,98,58,0.43,33,0
181,32,6,23.2,32,70,19,0.084,0,0
653,28,5,34.1,77,123,74,0.269,40,0
484,23,0,38.2,125,84,82,0.233,31,0
709,45,9,32.8,0,164,78,0.148,0,1
279,57,5,24.9,63,137,49,0.744,0,0
395,31,4,32.9,0,158,78,0.803,0,1
501,21,2,25.2,71,117,90,0.313,19,0
236,26,4,43.6,0,171,72,0.479,0,1
475,24,4,28.9,82,121,37,0.126,0,0
376,58,12,39.2,325,140,82,0.528,43,1
681,22,2,24.2,23,3,87,0.332,28,0
722,21,1,38.1,88,48,87,0.289,36,0
672,21,1,25.4,30,55,42,0.551,10,0
295,65,0,21.9,56,147,38,0.254,0,0
654,27,2,26.8,91,25,55,0.455,0,0
511,46,12,29.7,95,27,26,0.297,31,1
465,34,10,24.0,0,115,98,1.022,0,0
162,45,7,37.2,82,39,14,0.204,40,0
117,38,5,34.0,0,124,74,0.22,0,1
760,66,6,35.5,0,190,92,0.278,0,1
334,44,12,23.6,1,176,99,0.137,0,0
524,45,9,34.2,0,130,70,0.652,0,1
134,39,8,38.3,0,84,74,0.457,31,0
647,33,1,23.4,30,2,3,0.447,17,1
262,27,3,30.0,0,141,0,0.761,0,1
407,46,4,28.9,0,115,72,0.376,0,1
424,21,2,30.8,38,91,30,0.421,22,0
157,21,2,24.6,94,99,52,0.637,15,0
477,29,2,33.7,9,175,28,0.711,45,1
596,22,0,32.0,30,53,41,0.682,14,1
216,38,12,41.8,271,151,70,0.742,40,1
315,43,7,35.9,0,109,80,1.127,31,1
631,34,7,27.4,0,114,64,0.732,0,1
412,25,1,34.4,69,114,82,0.528,30,0
290,33,5,36.1,75,108,72,0.263,43,0
342,36,1,25.9,56,75,38,0.673,21,0
560,35,11,30.1,0,85,74,0.3,0,0
109,25,3,34.3,18,83,58,0.336,31,0
642,24,4,34.3,0,128,70,0.303,0,0
424,21,2,30.8,0,115,64,0.421,22,0
544,25,4,39.5,43,116,103,0.159,23,0
541,43,8,39.4,215,100,74,0.661,40,1
304,28,5,52.9,97,10,121,0.209,0,1
707,30,10,0.0,48,11,116,0.261,0,1
335,22,1,23.9,57,132,119,0.26,18,0
589,52,3,33.3,61,164,58,1.154,27,1
682,26,0,49.6,0,162,76,0.364,36,1
498,25,2,30.1,56,152,115,0.547,15,0
389,58,5,32.0,70,36,61,0.452,26,1
554,23,1,29.9,86,136,93,0.422,24,0
1,50,6,33.6,0,148,72,0.627,35,1
300,58,8,23.6,2,99,79,0.84,0,0
148,34,2,30.5,31,89,87,1.4,35,0
253,24,2,24.4,69,98,99,0.249,14,0
743,22,1,28.5,116,109,58,0.219,18,0
129,40,1,34.5,145,117,88,0.403,24,1
251,42,9,31.2,0,106,52,0.38,0,0
362,63,5,29.8,0,158,70,0.207,0,0
645,27,3,27.6,152,103,72,0.73,30,0
323,36,0,27.4,0,124,70,0.254,20,1
565,27,0,32.4,30,112,83,0.601,0,0
729,22,2,22.9,0,175,88,0.326,0,0
33,22,3,24.8,62,161,4,0.267,11,0
406,26,2,42.1,95,198,42,0.52,32,0
607,22,1,40.0,293,181,78,1.258,42,1
122,24,6,34.2,72,11,77,0.26,39,0
380,35,0,43.4,72,93,100,1.021,39,0
233,22,1,25.4,67,177,100,0.583,25,0
711,24,3,31.2,387,158,64,0.295,13,0
593,44,3,34.4,0,132,80,0.402,0,1
422,21,2,26.0,76,94,68,0.561,18,0
136,31,2,33.8,140,125,60,0.088,20,0
73,42,13,43.4,64,90,103,0.583,0,1
52,26,1,24.2,83,191,37,0.526,15,0
747,27,1,49.3,0,147,94,0.358,41,1
207,57,8,37.5,280,196,76,0.605,29,1
534,31,6,29.8,66,134,51,0.501,0,0
15,51,5,25.8,175,166,72,0.587,19,1
266,43,5,33.6,82,115,40,0.997,18,0
96,40,6,33.9,13,31,61,0.255,27,0
173,25,2,28.9,0,87,0,0.773,23,0
684,27,4,32.3,14,111,25,0.536,0,1
338,44,5,31.2,79,109,71,0.343,0,1
693,23,2,39.1,57,167,109,0.886,32,0
765,27,2,36.8,0,122,70,0.34,27,0
749,36,3,36.4,200,187,70,0.408,22,1
320,59,6,23.5,63,108,104,0.129,0,1
149,65,5,33.7,13,62,83,0.218,0,0
542,27,3,32.4,17,142,22,0.549,25,1
61,21,2,0.0,57,147,55,0.304,0,0
342,36,1,25.9,73,95,74,0.673,21,0
430,43,1,35.0,13,76,63,0.233,25,1
63,36,5,25.0,24,38,45,0.587,0,0
45,40,7,27.4,30,154,68,0.294,0,0
474,50,7,29.9,39,44,106,0.21,0,0
502,28,3,37.2,0,84,72,0.267,32,0
153,42,9,34.3,155,156,86,1.189,28,1
419,27,1,18.2,0,83,68,0.624,0,0
313,27,2,26.6,96,155,74,0.433,17,1
155,43,8,47.9,0,188,78,0.137,0,1
78,27,5,37.7,0,95,72,0.37,33,0
442,22,2,32.2,66,68,49,0.497,23,0
706,28,6,39.8,0,80,80,0.177,36,0
629,45,5,34.6,14,132,24,0.144,0,0
678,25,0,35.3,0,93,60,0.263,0,0
639,32,7,40.9,39,194,30,0.871,32,1
563,24,1,37.6,92,99,61,0.401,34,0
93,42,7,46.7,58,42,57,0.261,40,0
90,24,1,26.5,58,21,9,0.165,19,0
601,24,1,27.1,7,83,57,0.4,19,0
466,21,0,21.8,105,124,56,0.452,13,0
651,23,1,25.2,88,126,113,0.234,25,0
134,39,8,38.3,16,95,27,0.457,31,0
523,26,6,0.0,0,114,0,0.189,0,0
28,22,1,23.2,140,97,66,0.487,15,0
265,35,4,32.0,95,115,3,0.226,0,1
10,54,8,0.0,91,43,26,0.232,0,1
644,31,4,28.0,0,90,0,0.61,0,0
94,60,4,23.8,0,134,72,0.277,0,1
15,51,5,25.8,57,44,57,0.587,19,1
111,24,3,33.3,135,171,72,0.199,33,1
35,45,10,27.6,98,41,108,0.512,31,0
223,37,7,25.2,0,119,0,0.209,0,0
410,28,1,42.4,92,122,5,0.702,49,1
555,28,1,36.9,115,84,64,0.471,23,0
239,32,9,30.8,12,11,10,0.831,21,1
208,52,5,37.7,0,162,104,0.151,0,1
301,30,0,32.3,11,187,5,0.839,0,1
107,27,1,22.4,57,118,118,0.207,0,0
268,24,2,40.0,11,101,106,1.101,42,0
375,28,2,36.2,0,44,26,0.816,43,0
621,28,2,38.4,54,65,89,0.246,42,0
260,51,11,33.3,39,182,32,1.353,28,1
314,25,3,29.5,35,12,112,0.626,10,0
743,22,1,28.5,37,87,2,0.219,18,0
602,28,6,23.7,15,142,30,0.19,0,0
415,21,0,34.6,20,151,84,0.534,35,1
232,46,6,46.2,71,156,18,0.238,37,1
533,29,1,41.3,65,86,66,0.917,52,0
628,21,0,32.4,66,140,54,0.393,0,0
199,26,4,34.8,99,109,64,0.905,44,1
545,29,1,32.0,85,177,108,0.365,29,0
516,28,3,31.6,105,163,70,0.268,18,1
286,51,7,26.0,135,136,74,0.647,26,0
189,31,8,27.9,114,109,76,0.64,39,1
758,52,0,36.3,0,123,72,0.258,0,1
4,21,1,28.1,26,53,39,0.167,23,0
19,33,1,43.3,83,103,30,0.183,38,0
125,23,0,33.3,10,65,107,0.278,0,1
205,55,6,37.7,4,176,120,0.324,32,0
86,27,2,32.4,54,69,69,0.698,29,0
652,27,1,33.8,106,117,60,0.466,23,0
108,37,4,29.5,34,162,107,0.287,28,0
658,41,1,38.9,45,55,24,1.162,48,0
512,21,0,22.1,49,72,26,0.207,17,0
198,23,3,22.9,48,107,62,0.678,13,1
416,22,3,35.7,86,160,11,0.258,33,1
725,45,1,32.8,0,111,94,0.265,0,0
147,41,9,32.8,0,57,80,0.096,37,0
375,28,2,36.2,158,122,52,0.816,43,0
428,38,1,34.1,78,150,49,0.328,30,1
582,27,6,25.0,0,109,60,0.206,27,0
52,26,1,24.2,36,101,50,0.526,15,0
169,29,4,31.9,0,110,66,0.471,0,0
224,61,7,28.8,190,142,60,0.687,33,0
274,21,1,33.2,45,71,78,0.422,50,0
246,49,9,30.0,0,184,85,1.213,15,1
520,60,6,19.6,60,0,55,0.582,7,0
418,37,4,38.5,0,144,82,0.554,32,1
721,34,4,29.3,0,83,86,0.317,19,0
69,25,1,19.6,25,61,118,0.334,13,0
288,29,1,45.6,13,149,54,0.808,39,1
462,26,1,21.8,0,71,62,0.416,0,0
683,22,0,44.6,105,95,64,0.366,39,0
734,22,2,29.0,20,124,51,0.426,27,0
179,47,5,45.0,0,143,78,0.19,0,0
271,38,10,45.6,18,50,54,1.136,37,1
656,25,2,38.7,75,27,40,0.24,27,1
257,30,3,30.1,0,111,56,0.557,39,0
107,27,1,22.4,0,96,122,0.207,0,0
358,44,13,39.9,75,54,94,0.569,30,1
687,22,3,23.1,0,130,64,0.314,0,0
696,43,7,30.4,480,142,90,0.128,24,1
59,44,0,40.5,35,193,50,1.781,0,0
53,30,5,24.4,9,24,111,0.342,21,0
97,24,2,31.6,0,92,62,0.13,28,0
492,42,2,33.5,0,89,90,0.292,30,0
410,28,1,42.4,579,172,68,0.702,49,1
268,24,2,40.0,0,128,64,1.101,42,0
47,29,1,29.7,6,190,113,0.564,0,0
78,27,5,37.7,10,187,28,0.37,33,0
568,46,6,32.0,126,92,62,0.085,32,0
749,36,3,36.4,100,153,3,0.408,22,1
68,54,2,42.7,0,109,92,0.845,0,0
359,48,12,35.3,54,88,74,0.378,40,0
58,31,0,46.8,41,171,106,0.962,60,0
443,24,4,33.2,120,117,64,0.23,27,0
145,23,4,32.8,32,33,50,0.237,31,0
479,39,8,25.9,46,189,110,0.162,38,0
413,22,1,42.4,62,22,22,1.076,23,0
522,26,3,33.2,130,124,80,0.305,33,0
686,25,2,33.2,205,129,74,0.591,26,0
600,26,1,23.1,36,188,114,0.407,18,0
517,53,9,30.3,165,145,88,0.771,34,1
689,23,1,24.1,2,160,45,0.828,26,0
488,58,0,46.5,46,87,110,1.159,32,0
599,38,1,36.8,60,94,93,0.088,0,1
282,39,10,35.9,22,199,87,0.28,28,0
619,50,9,28.2,0,112,82,1.282,24,1
720,52,5,35.6,0,97,76,0.378,27,1
34,28,6,19.9,59,113,19,0.188,0,0
747,27,1,49.3,90,85,37,0.358,41,1
250,23,1,30.1,0,111,86,0.143,19,0
221,21,0,34.6,478,177,60,1.072,29,1
766,30,5,26.2,4,125,16,0.245,23,0
122,24,6,34.2,0,111,64,0.26,39,0
725,45,1,32.8,5,59,48,0.265,0,0
388,45,8,43.3,0,105,100,0.239,36,1
136,31,2,33.8,54,172,106,0.088,20,0
509,21,2,30.4,76,84,50,0.968,23,0
21,27,3,39.3,6,140,91,0.704,41,0
18,31,7,29.6,0,107,74,0.254,0,1
341,22,1,25.9,52,150,86,0.472,13,0
443,24,4,33.2,3,33,107,0.23,27,0
395,31,4,32.9,8,42,16,0.803,0,1
425,36,8,42.9,210,151,78,0.516,32,1
388,45,8,43.3,28,60,108,0.239,36,1
277,29,7,26.5,2,68,102,0.296,24,1
468,25,0,36.8,81,97,7,0.6,36,0
135,26,2,21.1,49,96,68,0.647,13,0
55,42,7,34.7,22,106,9,0.718,42,0
67,38,0,32.5,0,109,88,0.855,30,1
130,62,0,27.9,35,7,36,0.741,0,1
536,23,4,32.9,0,132,0,0.302,0,1
716,34,7,33.9,4,66,118,0.826,33,1
433,22,1,30.0,60,80,74,0.527,11,0
694,43,7,38.5,125,129,68,0.439,49,1
548,28,4,33.1,85,81,76,0.16,21,0
494,45,4,28.9,122,125,70,1.144,18,1
344,33,5,34.7,89,19,35,0.29,0,0
398,22,0,34.3,0,131,66,0.196,40,1
512,21,0,22.1,210,139,62,0.207,17,0
143,22,2,32.5,70,39,32,0.318,26,0
555,28,1,36.9,77,120,58,0.471,23,0
723,42,1,29.3,127,149,68,0.349,29,1
372,21,0,0.0,89,118,64,1.731,23,0
451,23,1,21.2,33,37,112,0.415,13,0
98,22,1,20.4,76,71,48,0.323,18,0
234,29,4,35.0,67,35,103,0.394,0,0
359,48,12,35.3,26,16,20,0.378,40,0
646,30,2,39.4,440,157,74,0.134,35,0
329,23,2,45.5,120,102,86,0.127,36,1
513,58,9,24.2,0,91,68,0.2,0,0
503,41,6,39.0,0,0,68,0.727,41,1
328,37,10,35.1,0,179,70,0.2,0,0
666,24,1,34.8,6,48,55,0.217,45,0
368,21,0,21.0,0,101,64,0.252,17,0
657,22,2,21.8,90,101,58,0.155,35,0
477,29,2,33.7,191,105,80,0.711,45,1
445,30,4,29.7,20,147,92,0.38,12,1
608,25,1,19.5,55,33,77,0.482,25,0
383,21,1,25.4,1,98,60,0.947,8,0
46,25,0,42.0,0,180,66,1.893,39,1
732,22,8,28.4,0,120,86,0.259,0,1
454,72,2,19.6,15,196,12,0.832,0,0
625,21,2,30.8,39,2,66,0.158,0,0
73,42,13,43.4,0,126,90,0.583,0,1
82,22,2,0.0,92,8,108,0.102,0,0
106,21,1,28.7,8,74,62,0.801,29,0
514,22,2,27.3,80,53,16,0.525,0,0
152,37,4,21.9,89,158,74,0.432,0,0
14,59,1,30.1,846,189,60,0.398,23,1
713,38,10,41.2,45,151,47,0.441,36,1
185,40,4,27.6,30,22,77,0.244,0,0
323,36,0,27.4,37,23,74,0.254,20,1
316,26,2,34.1,77,95,44,0.315,22,0
348,23,3,23.5,80,23,104,0.187,0,0
397,39,3,24.7,76,35,105,0.944,34,0
513,58,9,24.2,32,136,53,0.2,0,0
171,36,6,30.8,0,102,82,0.18,0,1
74,23,4,35.1,270,129,86,0.231,20,0
658,41,1,38.9,200,120,80,1.162,48,0
545,29,1,32.0,76,88,78,0.365,29,0
356,49,9,30.4,0,165,88,0.302,0,1
376,58,12,39.2,66,20,55,0.528,43,1
74,23,4,35.1,42,119,98,0.231,20,0
492,42,2,33.5,12,189,90,0.292,30,0
745,39,13,40.6,140,153,88,1.174,37,0
273,40,3,23.0,69,148,95,0.254,0,0
311,41,6,26.2,0,80,66,0.313,30,0
650,23,0,26.4,0,107,60,0.133,25,0
55,42,7,34.7,342,150,66,0.718,42,0
81,22,3,22.4,83,183,118,0.14,13,0
346,49,8,38.5,108,126,88,0.349,36,0
406,26,2,42.1,165,123,48,0.52,32,0
281,28,0,37.9,74,144,33,0.334,0,1
759,26,1,37.5,0,106,76,0.197,0,0
155,43,8,47.9,2,40,46,0.137,0,1
237,51,7,35.9,192,181,84,0.586,21,1
343,22,1,32.0,0,0,68,0.389,35,0
141,55,3,21.1,33,165,95,0.268,0,0
79,26,0,43.2,0,131,0,0.27,0,1
201,21,0,31.0,0,113,80,0.874,16,0
644,31,4,28.0,2,21,43,0.61,0,0
298,24,0,30.7,215,126,84,0.52,29,0
290,33,5,36.1,81,6,115,0.263,43,0
587,41,8,34.9,0,143,66,0.129,0,1
741,48,11,42.3,150,120,80,0.785,37,1
618,23,2,20.1,15,68,62,0.257,13,0
486,24,0,42.3,250,135,68,0.365,42,1
607,22,1,40.0,69,2,66,1.258,42,1
59,44,0,40.5,0,146,82,1.781,0,0
614,26,6,32.5,49,144,1,0.878,28,0
231,22,4,44.0,0,142,86,0.645,0,1
150,22,2,27.3,19,120,69,0.085,17,0
313,27,2,26.6,44,66,81,0.433,17,1
729,22,2,22.9,72,64,102,0.326,0,0
456,38,14,33.6,0,175,62,0.212,30,1
435,36,1,24.5,0,90,68,1.138,8,0
118,25,5,33.7,0,78,48,0.654,0,0
215,36,9,34.2,175,112,82,0.26,32,1
659,51,11,39.0,0,127,106,0.19,0,0
459,51,10,37.6,237,148,84,1.001,48,1
189,31,8,27.9,8,112,6,0.64,39,1
246,49,9,30.0,7,68,61,1.213,15,1
175,33,2,29.7,76,30,42,0.37,24,0
768,23,1,30.4,55,106,108,0.315,31,0
66,32,5,29.0,0,99,74,0.203,27,0
158,23,1,25.2,135,109,56,0.833,21,0
396,25,2,27.7,275,127,58,1.6,24,0
47,29,1,29.7,0,146,56,0.564,0,0
659,51,11,39.0,87,185,4,0.19,0,0
254,25,0,35.8,5,5,42,0.238,32,0
127,30,3,42.9,38,91,66,0.452,30,0
112,46,8,34.0,495,155,62,0.543,26,1
504,41,7,33.3,7,142,2,0.738,25,0
466,21,0,21.8,87,193,107,0.452,13,0
360,29,1,36.5,249,196,76,0.875,36,1
637,48,5,28.8,67,74,80,0.153,0,0
151,24,1,37.4,55,150,26,0.399,50,0
67,38,0,32.5,16,131,36,0.855,30,1
639,32,7,40.9,91,97,76,0.871,32,1
166,41,6,29.9,156,104,74,0.722,18,1
676,31,6,30.9,0,195,70,0.328,0,1
401,31,4,32.0,38,165,13,0.161,0,1
754,26,0,43.3,510,181,88,0.222,44,1
245,29,2,38.2,11,68,90,0.329,35,0
434,29,2,25.6,37,108,110,0.167,0,0
521,25,2,25.0,46,72,87,0.187,32,0
5,33,0,43.1,54,184,116,2.288,35,1
42,37,7,40.2,73,98,28,0.696,0,0
298,24,0,30.7,42,86,86,0.52,29,0
2,31,1,26.6,80,54,93,0.351,29,0
602,28,6,23.7,0,96,0,0.19,0,0
263,24,4,32.1,0,95,70,0.612,32,0
591,45,11,46.8,0,111,84,0.925,40,1
339,33,9,34.2,58,137,57,0.893,34,1
612,36,3,32.9,14,157,21,0.593,22,1
737,21,0,27.4,120,126,86,0.515,27,0
83,36,7,29.3,77,162,81,0.767,26,0
414,21,1,26.2,61,143,74,0.256,22,0
179,47,5,45.0,87,188,52,0.19,0,0
511,46,12,29.7,0,84,72,0.297,31,1
235,23,3,29.7,45,74,68,0.293,28,0
333,41,1,43.3,31,21,26,0.282,0,1
207,57,8,37.5,31,34,84,0.605,29,1
374,25,2,34.9,99,129,69,0.225,40,0
243,22,3,25.6,10,108,82,0.402,0,1
111,24,3,33.3,96,169,25,0.199,33,1
106,21,1,28.7,152,126,56,0.801,29,0
284,47,7,30.4,57,112,13,0.165,0,1
478,31,7,23.8,70,168,101,0.466,17,0
367,29,6,27.6,62,50,72,0.368,0,1
180,37,5,39.1,0,130,82,0.956,0,1
468,25,0,36.8,100,97,64,0.6,36,0
490,67,8,26.1,0,194,80,0.551,0,0
578,21,2,42.9,0,118,80,0.693,0,1
697,31,3,29.9,125,169,74,0.268,19,1
752,28,1,39.0,74,121,78,0.261,39,0
616,27,3,25.8,43,56,102,0.207,0,0
272,21,2,25.2,56,108,62,0.128,32,0
622,28,2,24.2,0,92,76,1.698,20,0
102,22,1,26.1,0,151,60,0.179,0,0
421,26,1,45.3,7,7,67,0.507,41,0
270,28,2,27.5,0,146,0,0.24,0,1
400,25,3,34.9,0,193,70,0.241,31,1
440,31,6,36.8,0,107,88,0.727,0,0
148,34,2,30.5,119,106,64,1.4,35,0
120,21,4,23.2,51,99,76,0.223,15,0
714,21,0,26.4,84,70,7,0.352,20,0
574,22,2,34.7,120,98,60,0.198,17,0
142,38,5,39.5,29,103,19,0.286,30,0
767,47,1,30.1,0,126,60,0.349,0,1
719,24,1,35.5,178,108,60,0.415,46,0
191,21,3,22.6,23,70,59,0.142,0,0
220,41,5,37.8,89,98,75,0.261,0,1
617,30,6,28.7,5,51,76,0.157,0,0
756,37,1,36.5,110,128,88,1.057,39,1
629,45,5,34.6,0,128,80,0.144,0,0
384,25,1,25.1,59,90,62,1.268,18,0
77,41,7,32.6,31,91,42,0.391,0,0
7,26,3,31.0,53,116,119,0.248,32,1
88,26,2,38.5,71,100,68,0.324,25,0
667,70,4,32.5,0,145,82,0.235,18,1
345,57,8,36.8,0,95,72,0.485,0,0
689,23,1,24.1,180,140,74,0.828,26,0
731,34,3,28.4,79,130,78,0.323,23,1
583,62,12,26.5,0,121,78,0.259,17,0
686,25,2,33.2,3,100,42,0.591,26,0
509,21,2,30.4,1,56,104,0.968,23,0
471,28,1,41.3,0,144,82,0.607,40,0
142,38,5,39.5,0,106,82,0.286,30,0
280,22,2,25.3,278,108,62,0.881,10,0
178,26,0,67.1,63,142,71,0.319,46,1
589,52,3,33.3,156,176,86,1.154,27,1
16,32,7,30.0,86,171,114,0.484,0,1
50,24,7,0.0,0,105,0,0.305,0,0
100,31,1,49.7,220,122,90,0.325,51,1
94,60,4,23.8,56,103,109,0.277,0,1
755,45,8,32.4,0,154,78,0.443,32,1
515,24,3,25.6,36,18,64,0.154,19,0
663,43,8,37.6,231,167,106,0.165,46,1
204,27,2,20.4,39,175,96,0.235,16,0
335,22,1,23.9,58,95,60,0.26,18,0
608,25,1,19.5,41,92,62,0.482,25,0
587,41,8,34.9,74,116,114,0.129,0,1
193,36,7,30.4,0,159,66,0.383,0,1
625,21,2,30.8,0,108,64,0.158,0,0
161,36,4,29.7,49,23,48,0.294,38,0
130,62,0,27.9,0,105,84,0.741,0,1
380,35,0,43.4,26,115,114,1.021,39,0
2,31,1,26.6,0,85,66,0.351,29,0
197,21,1,24.3,0,105,58,0.187,0,0
640,28,1,19.5,87,125,84,0.149,12,0
426,31,4,37.0,10,81,52,0.264,39,1
117,38,5,34.0,6,86,1,0.22,0,1
26,41,10,31.1,91,2,77,0.205,26,1
624,21,0,43.5,115,94,70,0.347,27,0
402,55,6,24.2,0,137,61,0.151,0,0
431,23,2,22.2,0,99,0,0.108,0,0
177,42,6,31.2,0,85,78,0.382,0,0
19,33,1,43.3,50,162,25,0.183,38,0
184,27,5,26.8,0,73,60,0.268,0,0
266,43,5,33.6,67,96,74,0.997,18,0
647,33,1,23.4,144,167,74,0.447,17,1
283,37,7,32.4,155,133,88,0.262,15,0
697,31,3,29.9,56,15,72,0.268,19,1
297,29,2,28.0,7,193,104,0.337,38,1
727,25,1,36.1,20,126,80,0.496,29,0
234,29,4,35.0,0,122,68,0.394,0,0
454,72,2,19.6,0,119,0,0.832,0,0
736,28,4,35.4,0,95,60,0.284,32,0
742,26,3,30.8,33,15,48,0.4,20,0
648,22,0,37.8,159,179,50,0.455,36,1
450,26,0,30.5,63,120,74,0.285,18,0
655,22,1,34.2,135,106,70,0.142,28,0
196,29,5,39.4,24,199,96,0.395,41,1
679,25,3,36.0,0,121,52,0.127,0,1
558,58,8,27.8,0,110,76,0.237,0,0
529,22,0,30.8,188,117,66,0.493,31,0
69,25,1,19.6,38,95,66,0.334,13,0
1,50,6,33.6,80,172,117,0.627,35,1
634,22,1,27.5,17,164,37,0.115,17,0
297,29,2,28.0,360,146,70,0.337,38,1
105,27,2,39.6,0,85,65,0.93,0,0
581,21,0,42.1,0,151,90,0.371,46,1
181,32,6,23.2,0,87,80,0.084,0,0
638,23,2,31.6,66,94,76,0.649,18,0
295,65,0,21.9,0,161,50,0.254,0,0
27,43,7,39.4,0,147,76,0.257,0,1
139,29,0,31.2,37,129,78,0.703,0,0
168,34,4,29.6,0,120,68,0.709,0,0
565,27,0,32.4,0,91,80,0.601,0,0
533,29,1,41.3,3,195,7,0.917,52,0
535,24,1,33.3,56,77,56,1.251,30,0
405,41,5,32.9,0,168,64,0.135,0,1
219,32,5,29.0,0,85,74,1.224,22,1
315,43,7,35.9,0,194,85,1.127,31,1
469,38,8,30.0,0,120,0,0.183,0,1
432,38,3,30.4,85,89,74,0.551,16,0
202,28,1,40.1,82,146,74,0.236,0,0
247,41,10,31.2,0,122,68,0.258,0,0
349,26,3,21.8,62,9,30,0.279,19,0
306,29,2,39.7,38,176,4,0.215,37,0
685,69,5,0.0,72,112,69,0.64,0,0
209,21,1,33.2,87,96,64,0.289,27,0
236,26,4,43.6,55,155,39,0.479,0,1
195,42,8,24.4,90,24,109,0.136,20,0
603,30,1,27.8,0,124,74,0.1,36,0
567,21,1,38.6,18,99,72,0.412,30,0
218,32,6,30.0,120,125,68,0.464,30,0
481,35,3,35.5,10,161,47,0.344,30,1
257,30,3,30.1,14,138,122,0.557,39,0
196,29,5,39.4,210,158,84,0.395,41,1
198,23,3,22.9,38,97,116,0.678,13,1
245,29,2,38.2,194,146,76,0.329,35,0
606,21,1,35.8,15,184,19,0.514,32,0
688,29,1,28.3,0,107,50,0.181,19,0
308,21,0,24.8,42,23,121,0.143,14,0
498,25,2,30.1,76,81,72,0.547,15,0
491,24,2,36.8,82,102,80,0.629,28,0
49,31,7,39.1,0,103,66,0.344,32,1
304,28,5,52.9,0,115,98,0.209,0,1
474,50,7,29.9,0,136,90,0.21,0,0
139,29,0,31.2,0,129,80,0.703,0,0
143,22,2,32.5,63,108,52,0.318,26,0
548,28,4,33.1,166,131,68,0.16,21,0
83,36,7,29.3,71,83,78,0.767,26,0
272,21,2,25.2,71,127,99,0.128,32,0
220,41,5,37.8,0,112,66,0.261,0,1
12,34,10,38.0,42,117,72,0.537,0,1
200,29,4,30.9,14,189,98,0.15,27,1
305,37,3,21.0,80,6,62,0.207,0,0
264,63,3,32.4,0,142,80,0.2,15,0
536,23,4,32.9,52,25,58,0.302,0,1
742,26,3,30.8,94,102,44,0.4,20,0
137,21,0,30.8,11,8,99,0.597,26,0
12,34,10,38.0,0,168,74,0.537,0,1
309,25,0,30.5,96,9,46,1.391,19,1
662,22,1,42.9,0,199,76,1.394,43,1
96,40,6,33.9,228,144,72,0.255,27,0
552,25,3,31.9,106,84,68,0.591,30,0
491,24,2,36.8,66,83,65,0.629,28,0
503,41,6,39.0,1,60,88,0.727,41,1
288,29,1,45.6,220,119,86,0.808,39,1
720,52,5,35.6,51,84,96,0.378,27,1
576,25,1,35.5,48,52,119,0.28,47,0
260,51,11,33.3,150,155,76,1.353,28,1
201,21,0,31.0,26,189,28,0.874,16,0
345,57,8,36.8,88,137,23,0.485,0,0
643,50,6,29.5,0,147,80,0.178,0,1
517,53,9,30.3,86,122,28,0.771,34,1
588,29,6,24.3,35,168,42,0.249,0,0
386,24,1,22.3,1,193,118,0.205,13,0
519,41,13,32.8,0,76,60,0.18,0,0
90,24,1,26.5,0,107,68,0.165,19,0
172,29,6,35.4,130,134,70,0.542,23,1
482,29,0,35.2,0,123,88,0.197,37,0
41,26,3,34.0,73,17,122,0.271,25,0
605,36,4,28.4,45,181,100,0.212,0,1
412,25,1,34.4,176,112,72,0.528,30,0
18,31,7,29.6,83,30,35,0.254,0,1
124,69,5,26.8,21,44,11,0.186,0,0
642,24,4,34.3,38,114,89,0.303,0,0
704,41,2,38.5,64,111,3,0.304,0,0
160,47,17,40.9,18,92,102,0.817,41,1
604,54,7,35.2,126,150,78,0.692,29,1
404,38,9,31.6,0,72,78,0.28,25,0
228,24,3,37.2,5,130,121,0.652,38,1
6,30,5,25.6,0,116,74,0.201,0,0
125,23,0,33.3,0,113,76,0.278,0,1
267,25,0,36.3,27,188,83,0.933,0,1
